word,lexicon
yerba,neil
 yeast,neil
 weekend,neil
 week,neil
 website,neil
 velvet,neil
 peter,neil
 matthew,neil
 lanolin,neil
 genefaas,neil
 don,neil
 daniel,neil
 crawlers.co.nz,neil
 craig,neil
 bex,neil
 aren,neil
 of,neil
 the,neil
 and,neil
 to,neil
 a,neil
 is,neil
 in,neil
 we,neil
 that,neil
 for,neil
 our,neil
 it,neil
 are,neil
 as,neil
 you,neil
 from,neil
 be,neil
 new,neil
 with,neil
 on,neil
 will,neil
 at,neil
 source,neil
 they,neil
 by,neil
 has,neil
 have,neil
 more,neil
 than,neil
 zealand,neil
 all,neil
 an,neil
 been,neil
 only,neil
 being,neil
 can,neil
 not,neil
 or,neil
 s,neil
 so,neil
 which,neil
 around,neil
 but,neil
 do,neil
 every,neil
 free,neil
 into,neil
 just,neil
 longer,neil
 make,neil
 nz,neil
 one,neil
 out,neil
 per,neil
 their,neil
 this,neil
 was,neil
 well,neil
 your,neil
 about,neil
 also,neil
 complete,neil
 crawlers,neil
 find,neil
 founded,neil
 get,neil
 gluten,neil
 like,neil
 little,neil
 yerba,neil
 yeast,neil
 would,neil
 worldwide,neil
 worlds,neil
 working,neil
 worked,neil
 won't,neil
 within,neil
 while,neil
 when,neil
 what,neil
 welcome,neil
 weekend,neil
 week,neil
 website,neil
 way,neil
 waffles,neil
 vision,neil
 view,neil
 viable,neil
 velvet,neil
 veggie,neil
 using,neil
 use,neil
 unique,neil
 under,neil
 un,neil
 trying,neil
 try,neil
 true,neil
 trend,neil
 total,neil
 too,neil
 together,neil
 today,neil
 tirelessly,neil
 times,neil
 throughout,neil
 thousands,neil
 thinking,neil
 these,neil
 there,neil
 thailand,neil
 term,neil
 techniques,neil
 tarantulas,neil
 take,neil
 surrounding,neil
 surprised,neil
 supply,neil
 sulphites,neil
 stuck,neil
 strong,neil
 strives,neil
 stock,neil
 steam,neil
 started,neil
 staple,neil
special,neil
 soy,neil
 south,neil
 sourced,neil
 some,neil
 solution,neil
 sole,neil
 smoothies,neil
 slightly,neil
 skin,neil
 sized,neil
 single,neil
 since,neil
 sesame,neil
 served,neil
 seriously,neil
 serious,neil
 sells,neil
 sees,neil
 seeds,neil
 sealed,neil
 scones,neil
 scale,neil
 says,neil
 salted,neil
 salads,neil
 role,neil
 roasted,neil
 right,neil
 require,neil
 regularly,neil
 reducing,neil
 recent,neil
 real,neil
 re,neil
 rate,neil
 ranges,neil
 rabbits,neil
 put,neil
 provide,neil
 properties,neil
 promote,neil
 programme,neil
 profile,neil
 primary,neil
 primal,neil
 pride,neil
 press,neil
 present,neil
 powerhouse,neil
 pound,neil
 position,neil
 points,neil
 please,neil
 play,neil
 plate,neil
 pizza,neil
 pigs,neil
 person,neil
 percent,neil
 pasture,neil
 pasta,neil
 passion,neil
 part,neil
 pancakes,neil
 page,neil
 packaged,neil
 package,neil
 pack,neil
 oxygen,neil
 ourselves,neil
 ours,neil
 options,neil
 opportunity,neil
 ohope,neil
 october,neil
 occurring,neil
 nutshell,neil
 number,neil
 now,neil
 nine,neil
 next,neil
 needs,neil
 necessary,neil
 nearly,neil
 nationwide,neil
 name,neil
 must,neil
 multitude,neil
 multi,neil
 muffins,neil
 mother,neil
 most,neil
 month,neil
 modern,neil
 mobility,neil
 mixed,neil
 mission,neil
 million,neil
 mild,neil
 met,neil
 meet,neil
 media,neil
 means,neil
 matthew,neil
 mate,neil
 market,neil
 ltrs,neil
 long,neil
 located,neil
 loads,neil
 loaded,neil
 leading,neil
 leader,neil
 launched,neil
 last,neil
 large,neil
 lanolin,neil
 laden,neil
 knowing,neil
 key,neil
 kelp,neil
 international,neil
 industry,neil
 influencing,neil
 increases,neil
 including,neil
 include,neil
 imminent,neil
 however,neil
 hot,neil
 home,neil
 holds,neil
 highest,neil
 higher,neil
 hesitate,neil
 helps,neil
 help,neil
 hello,neil
 heavily,neil
 heat,neil
 growth,neil
 growing,neil
 grass,neil
 gramules,neil
 grams,neil
 gram,neil
 grain,neil
 grade,neil
 goes,neil
 general,neil
 gathers,neil
 gallon,neil
 gained,neil
 fun,neil
 front,neil
 fraction,neil
 forward,neil
 formed,neil
 five,neil
 fine,neil
 fewer,neil
 few,neil
 feel,neil
 fda,neil
 export,neil
 explore,neil
 experimenting,neil
 expect,neil
 expand,neil
 exhaust,neil
 exciting,neil
 everyone,neil
 everyday,neil
 eventually,neil
 events,neil
 even,neil
 estimated,neil
 established,neil
 equivalent,neil
 entomo,neil
 enquiries,neil
 enough,neil
 enhancing,neil
 encourage,neil
 either,neil
 eight,neil
 egg,neil
 efforts,neil
 easier,neil
 eased,neil
 earliest,neil
 each,neil
 dough,neil
 double,neil
 door,neil
 don,neil
 domestic,neil
 discover,neil
 directly,neil
 design,neil
 deive,neil
 demands,neil
 deliver,neil
 defeat,neil
 deer,neil
 day,neil
 daniel,neil
 damaging,neil
 custom,neil
 current,neil
 crustacea,neil
 crisis,neil
 crickey,neil
 craig,neil
 crack,neil
 covers,neil
 covered,neil
 country,neil
 could,neil
 cosmetic,neil
 core,neil
 cookies,neil
 cooked,neil
 converting,neil
 contender,neil
 containing,neil
 contain,neil
 contact,neil
 conserves,neil
 consciousness,neil
 concerned,neil
 compared,neil
 combined,neil
 collected,neil
 cold,neil
 coated,neil
 click,neil
 cleaner,neil
 cleaned,neil
 christchurch,neil
 chemical,neil
 check,neil
 cereal,neil
 central,neil
 centipedes,neil
 cater,neil
 canadian,neil
 canada,neil
 call,neil
 cakes,neil
 buzzword,neil
 buzz,neil
 button,neil
 buck,neil
 bringing,neil
 breads,neil
 boost,neil
 body,neil
 bodies,neil
 blessed,neil
 beyond,neil
 bex,neil
 between,neil
 best,neil
 believe,neil
 beliefs,neil
 begins,neil
 before,neil
 become,neil
 bars,neil
 bag,neil
 available,neil
 audience,neil
 auckland,neil
 ask,neil
 asia,neil
 aren,neil
 approved,neil
 anymore,neil
 any,neil
 amount,neil
 america,neil
 amazing,neil
 ahead,neil
 ages,neil
 age,neil
 africa,neil
 adult,neil
 adds,neil
 additives,neil
 adding,neil
 add,neil
 actually,neil
 acknowledge,neil
 absorber,neil
 acids,neil
 amino,neil
 able,neil
 abilities,neil
 turning,neil
 zealand's,neil
 years,neil
 year,neil
 whether,neil
 via,neil
 very,neil
 used,neil
 us,neil
 united,neil
 turning,neil
 traditional,neil
 through,neil
 then,neil
 t,neil
 space,neil
 skincare,neil
 simple,neil
 share,neil
 sell,neil
 sector,neil
 same,neil
 said,neil
 run,neil
 restaurant,neil
 resources,neil
 requires,neil
 required,neil
 report,neil
 reduce,neil
 ready,neil
 raised,neil
 otago,neil
 over,neil
 packed,neil
 provides,neil
 produced,neil
 pressure,neil
 possible,neil
 over,neil
 organization,neil
 offer,neil
 needed,neil
 need,neil
 much,neil
 menus,neil
 may,neil
 major,neil
 main,neil
 least,neil
 know,neil
 kg,neil
 its,neil
 it's,neil
 if,neil
 human,neil
 how,neil
 here,neil
 grow,neil
 ground,neil
 great,neil
 going,neil
 gas,neil
 gallons,neil
 fresh,neil
 forms,neil
 focus,neil
 first,neil
 expected,neil
 exactly,neil
 enable,neil
 due,neil
 doing,neil
 currently,neil
 contains,neil
 choices,neil
 chocolate,neil
 bring,neil
 brand,neil
 billion,neil
 based,neil
 average,neil
 arable,neil
 anteater,neil
 animal,neil
 ancient,neil
 always,neil
 addition,neil
 according,neil
 wraps,neil
 why,neil
 up,neil
 them,neil
 such,neil
 start,neil
 rebel,neil
 product,neil
 other,neil
 nations,neil
 milled,neil
 meat,neil
 many,neil
 making,neil
 made,neil
 little,neil
 like,neil
 important,neil
 high,neil
 find,neil
 get,neil
don't,neil
"1,700gms",neil
"10,000gms",neil
100,neil
1000,neil
10ml,neil
15m2,neil
1ltr,neil
2500,neil
2850,neil
200m2,neil
2015,neil
2016,neil
"22,000ltr",neil
30,neil
45,neil
50,neil
500,neil
567,neil
80,neil
800,neil
9.5,neil
9.6,neil
derive,neil
favourite,neil
fed,neil
feeding,neil
granules,neil
litre,neil
1,neil
2,neil
18,neil
2013,neil
2050,neil
68,neil
70,neil
dishes,neil
essential,neil
form,neil
beef,neil
1kg,neil
less,neil
full,neil
"2,500",neil
"2,850",neil
